asin,title,author,rating,reviews,url,description
9365896193,Data Preparation and Analysis: An easy approach to master data science (English Edition),by Dr Pooja Sharma | 11 August 2025,,,https://www.amazon.in/sspa/click?ie=UTF8&spc=MTo2NDM2Njg4MDI3OTY0ODQyOjE3NzYxODQ5MDA6c3BfYXRmOjMwMDY5NjIyODk4NjczMjo6MDo6&url=%2FData-Preparation-Analysis-approach-science%2Fdp%2F9365896193%2Fref%3Dsr_1_1_sspa%3Fdib%3DeyJ2IjoiMSJ9.FrY15I3-sGdWOYj1_-4ongjsFIXjn1-TwOkEk2Ont2IlGQ_Jr02gJGyW9u0P4zQZEK8RJws-A3fjnweV1phpYexMgPhxCCpFDdjvB1Htx4T1dKxxshmW-8OnQ51vgdWUHrG6UTTUhJgaJcgehij2QSNHG_g0x64RKJCwJ5dkz8Hf7qzJSREp7-P8xafnv0qgKivqb96Ru4UL4W7EMGvYxIug3JDKhna37-sv1RmQZWY.j5DpIA1U7OJLA72GLISbig2wdem1QPEgbMmj23GDeds%26dib_tag%3Dse%26keywords%3Ddata%2Bscience%2Bbook%26qid%3D1776184900%26sr%3D8-1-spons%26aref%3DrOagqjlHSG%26sp_csd%3Dd2lkZ2V0TmFtZT1zcF9hdGY%26psc%3D1&aref=rOagqjlHSG&sp_cr=ZAZ,"Data science is an evolving field, and the ability to effectively prepare and analyze data is a critical skill for any aspiring professional. This book serves as a comprehensive introduction to the foundational concepts and tools of data science, making it ideal for beginners and aspiring data professionals.

This book provides a structured and comprehensive learning path, beginning with a broad introduction to data science, its applications, and fundamental analysis methods. You will then explore the core Python libraries for data manipulation, NumPy for efficient numerical operations, and Pandas for powerful data structuring and transformation. The book dedicates significant focus to real-world data challenges, walking you through the crucial steps of data gathering, preparation, and cleaning; addressing issues like scalability, missing data, and inconsistencies.

The book concludes with three real-world projects that apply the concepts in practical settings, making you proficient in the entire end-to-end data preparation and analysis pipeline. You will have a solid command of essential tools and techniques, empowering you to confidently tackle and derive meaningful insights from diverse datasets in any professional setting.

WHAT YOU WILL LEARN

● Implement ML models using NumPy, Pandas, Matplotlib, or scikit-learn.

● Gain a solid foundation in data science, principles, algorithms, and methodologies.

● Learn to frame real-world problems as ML tasks.

● Implement data cleaning for consistency and missing data.

● Conduct exploratory data analysis with descriptive statistics.

● Uncover data patterns using clustering and association techniques.

● Design and create effective time series visualizations.

WHO THIS BOOK IS FOR

This book is ideal for students, programmers, and software engineers who want to learn data science from scratch. It assumes basic programming proficiency, but no prior data science knowledge is required to follow the comprehensive, hands-on curriculum."
0367676273,Data Science and Innovations for Intelligent Systems: Computational Excellence and Society 5.0 (Demystifying Technologies for Computational Excellence: Moving Towards Society 5.0),"by Kavita Taneja , Harmunish Taneja, et al. | 1 October 2021",,,https://www.amazon.in/sspa/click?ie=UTF8&spc=MTo2NDM2Njg4MDI3OTY0ODQyOjE3NzYxODQ5MDA6c3BfYXRmOjMwMDg0OTc0OTY2OTMzMjo6MDo6&url=%2FData-Science-Innovations-Intelligent-Systems%2Fdp%2F0367676273%2Fref%3Dsr_1_2_sspa%3Fdib%3DeyJ2IjoiMSJ9.FrY15I3-sGdWOYj1_-4ongjsFIXjn1-TwOkEk2Ont2IlGQ_Jr02gJGyW9u0P4zQZEK8RJws-A3fjnweV1phpYexMgPhxCCpFDdjvB1Htx4T1dKxxshmW-8OnQ51vgdWUHrG6UTTUhJgaJcgehij2QSNHG_g0x64RKJCwJ5dkz8Hf7qzJSREp7-P8xafnv0qgKivqb96Ru4UL4W7EMGvYxIug3JDKhna37-sv1RmQZWY.j5DpIA1U7OJLA72GLISbig2wdem1QPEgbMmj23GDeds%26dib_tag%3Dse%26keywords%3Ddata%2Bscience%2Bbook%26qid%3D1776184900%26sr%3D8-2-spons%26aref%3Diza9WA19EW%26sp_csd%3Dd2lkZ2V0TmFtZT1zcF9hdGY%26psc%3D1&aref=iza9WA19EW&sp_cr=ZAZ,"Data science is an emerging field and innovations in it need to be explored for the success of society 5.0. This book not only focuses on the practical applications of data science to achieve computational excellence, but also digs deep into the issues and implications of intelligent systems.

This book highlights innovations in data science to achieve computational excellence that can optimize performance of smart applications. The book focuses on methodologies, framework, design issues, tools, architectures, and technologies necessary to develop and understand data science and its emerging applications in the present era.

Data Science and Innovations for Intelligent Systems: Computational Excellence and Society 5.0 is useful for the research community, start-up entrepreneurs, academicians, data-centered industries, and professeurs who are interested in exploring innovations in varied applications and the areas of data science."
3031083318,Advances and Innovations in Statistics and Data Science (ICSA Book Series in Statistics),"by Wenqing He, Liqun Wang, et al. | 11 November 2023",,,https://www.amazon.in/Advances-Innovations-Statistics-Data-Science/dp/3031083318/ref=sr_1_3?dib=eyJ2IjoiMSJ9.FrY15I3-sGdWOYj1_-4ongjsFIXjn1-TwOkEk2Ont2IlGQ_Jr02gJGyW9u0P4zQZEK8RJws-A3fjnweV1phpYexMgPhxCCpFDdjvB1Htx4T1dKxxshmW-8OnQ51vgdWUHrG6UTTUhJgaJcgehij2QSNHG_g0x64RKJCwJ5dkz8Hf7qzJSREp7-P8xafnv0qgKivqb96Ru4UL4W7EMGvYxIug3JDKhna37-sv1RmQZWY.j5DpIA1U7OJLA72GLISbig2wdem1QPEgbMmj23GDeds&dib_tag=se&keywords=data+science+book&qid=1776184900&sr=8-3,"This book highlights selected papers from the 4th ICSA-Canada Chapter Symposium, as well as invited articles from established researchers in the areas of statistics and data science. It covers a variety of topics, including methodology development in data science, such as methodology in the analysis of high dimensional data, feature screening in ultra-high dimensional data and natural language ranking; statistical analysis challenges in sampling, multivariate survival models and contaminated data, as well as applications of statistical methods. With this book, readers can make use of frontier research methods to tackle their problems in research, education, training and consultation."
9352138325,"Data Science From Scratch: First Principles with Python, Second Edition (Greyscale Indian Edition)",by Joel Grus | 5 May 2019,4.4 out of 5 stars,(967),https://www.amazon.in/Data-Science-Scratch-Principles-Python/dp/9352138325/ref=sr_1_4?dib=eyJ2IjoiMSJ9.FrY15I3-sGdWOYj1_-4ongjsFIXjn1-TwOkEk2Ont2IlGQ_Jr02gJGyW9u0P4zQZEK8RJws-A3fjnweV1phpYexMgPhxCCpFDdjvB1Htx4T1dKxxshmW-8OnQ51vgdWUHrG6UTTUhJgaJcgehij2QSNHG_g0x64RKJCwJ5dkz8Hf7qzJSREp7-P8xafnv0qgKivqb96Ru4UL4W7EMGvYxIug3JDKhna37-sv1RmQZWY.j5DpIA1U7OJLA72GLISbig2wdem1QPEgbMmj23GDeds&dib_tag=se&keywords=data+science+book&qid=1776184900&sr=8-4,"to really learn data science, you should not only master the tools—data Science libraries, frameworks, modules, and toolkits—but also understand the ideas and principles underlying them. Updated for Python 3.6, this second edition of data Science from scratch shows you how these tools and algorithms work by implementing them from scratch.
if you have an Aptitude for Mathematics and some programming skills, author Joel grus will help you get comfortable with the math and statistics at the core of data science, and with the hacking skills you need to get started as a data scientist. Packed with new material on deep learning, statistics, and natural language processing, this updated book shows you how to find the gems in today’s messy glut of data.

Learn the basics of linear algebra, statistics, and Probability how and when they're used in data science
Collect, explore, clean, munge, and manipulate data
Dive into the fundamentals of machine learning
Implement models such as K-Nearest neighbors, naïve Bayes, linear and logistic regression, decision trees, neural networks, and clustering
Explore recommended systems, natural language processing, network analysis, produce, and databases
."
3031858697,"Data Science, Classification and Artificial Intelligence for Modeling Decision Making (Studies in Classification, Data Analysis, and Knowledge Organization)","by Javier Trejos, Theodore Chadjipadelis, et al. | 20 April 2025",,,https://www.amazon.in/Classification-Artificial-Intelligence-Modeling-Decision/dp/3031858697/ref=sr_1_5?dib=eyJ2IjoiMSJ9.FrY15I3-sGdWOYj1_-4ongjsFIXjn1-TwOkEk2Ont2IlGQ_Jr02gJGyW9u0P4zQZEK8RJws-A3fjnweV1phpYexMgPhxCCpFDdjvB1Htx4T1dKxxshmW-8OnQ51vgdWUHrG6UTTUhJgaJcgehij2QSNHG_g0x64RKJCwJ5dkz8Hf7qzJSREp7-P8xafnv0qgKivqb96Ru4UL4W7EMGvYxIug3JDKhna37-sv1RmQZWY.j5DpIA1U7OJLA72GLISbig2wdem1QPEgbMmj23GDeds&dib_tag=se&keywords=data+science+book&qid=1776184900&sr=8-5,"This book gathers selected and peer-reviewed contributions presented at the 18th Conference of the International Federation of Classification Societies (IFCS 2024), held in San José, Costa Rica, July 15–19, 2024. Covering a wide range of topics, it describes modern methods and real-world applications in data science, classification, and artificial intelligence related to modeling decision making.

Numerous novel techniques and innovative applications are investigated, such as anomaly detection in public procurement processes, multivariate functional data clustering, air pollution prediction, benchmark generation for probabilistic planning, recommendation systems based on symbolic data analysis, and methods for clustering mixed-type data. Advanced statistical concepts are explored, including Vapnik-Chervonenkis dimensionality, Riemannian statistics, hypothesis testing for interval-valued data, and mixed models. Furthermore, machine learning techniques are applied to predict soil bacterial and fungal communities, classify electoral behavior and political competition, and assess corrosion degradation in mining pipelines.

The diversity of topics discussed in this collection reflects the ongoing advancement and interdisciplinary nature of statistical and data science research, as well as its application across various fields and sectors. These studies contribute to the development of robust methodologies and efficient computational tools to address complex challenges in the era of big data.

The book is intended for researchers and practitioners seeking the latest developments and applications in the field of data science and classification."
B0FY6MQKZT,"Data Science Class 10 Academic Course Material, Digital Learning Resource with Interactive Node Visualization for Higher Education CBSE (Data Science Academic Series)",by Tovira | 1 January 2023,,,https://www.amazon.in/Academic-Material-Interactive-Visualization-Education/dp/B0FY6MQKZT/ref=sr_1_6?dib=eyJ2IjoiMSJ9.FrY15I3-sGdWOYj1_-4ongjsFIXjn1-TwOkEk2Ont2IlGQ_Jr02gJGyW9u0P4zQZEK8RJws-A3fjnweV1phpYexMgPhxCCpFDdjvB1Htx4T1dKxxshmW-8OnQ51vgdWUHrG6UTTUhJgaJcgehij2QSNHG_g0x64RKJCwJ5dkz8Hf7qzJSREp7-P8xafnv0qgKivqb96Ru4UL4W7EMGvYxIug3JDKhna37-sv1RmQZWY.j5DpIA1U7OJLA72GLISbig2wdem1QPEgbMmj23GDeds&dib_tag=se&keywords=data+science+book&qid=1776184900&sr=8-6,"Dive into the world of Data Science with this comprehensive Grade X academic course material from Lovira. This digital learning resource features cutting-edge interactive node visualisation technology that brings complex concepts to life. The course material is thoughtfully designed to make advanced data science concepts accessible and engaging for higher education students. Through its innovative approach, students can explore data structures, algorithms, and analytical methodologies in a visually intuitive manner. The interactive elements help learners understand the interconnections between different data science concepts, making abstract theories more concrete and practical. Perfect for both classroom settings and self-paced learning, this resource provides a robust foundation in modern data science principles. The visual node system allows students to track their progress and understand relationships between various concepts, creating a more effective learning experience."
9355422741,"Essential Math for Data Science: Take Control of Your Data with Fundamental Linear Algebra, Probability, and Statistics (Grayscale Indian Edition)",by Thomas Nield | 1 June 2022,4.5 out of 5 stars,(60),https://www.amazon.in/Essential-Math-Data-Science-Fundamental/dp/9355422741/ref=sr_1_7?dib=eyJ2IjoiMSJ9.FrY15I3-sGdWOYj1_-4ongjsFIXjn1-TwOkEk2Ont2IlGQ_Jr02gJGyW9u0P4zQZEK8RJws-A3fjnweV1phpYexMgPhxCCpFDdjvB1Htx4T1dKxxshmW-8OnQ51vgdWUHrG6UTTUhJgaJcgehij2QSNHG_g0x64RKJCwJ5dkz8Hf7qzJSREp7-P8xafnv0qgKivqb96Ru4UL4W7EMGvYxIug3JDKhna37-sv1RmQZWY.j5DpIA1U7OJLA72GLISbig2wdem1QPEgbMmj23GDeds&dib_tag=se&keywords=data+science+book&qid=1776184900&sr=8-7,"Disclaimer

Shroff Publishers do not endorse the preview pages of kindle linked to our ISBNs. All Indian Reprints of O'Reilly are Printed in Grayscale.

Master the math needed to excel in data science, machine learning, and statistics. In this book author Thomas Nield guides you through areas like calculus, probability, linear algebra, and statistics and how they apply to techniques like linear regression, logistic regression, and neural networks. Along the way you'll also gain practical insights into the state of data science and how to use those insights to maximize your career.

Learn how to:

Use Python code and libraries like SymPy, NumPy, and scikit-learn to explore essential mathematical concepts like calculus, linear algebra, statistics, and machine learning
Understand techniques like linear regression, logistic regression, and neural networks in plain English, with minimal mathematical notation and jargon
Perform descriptive statistics and hypothesis testing on a dataset to interpret p-values and statistical significance
Manipulate vectors and matrices and perform matrix decomposition
Integrate and build upon incremental knowledge of calculus, probability, statistics, and linear algebra, and apply it to regression models including neural networks
Navigate practically through a data science career and avoid common pitfalls, assumptions, and biases while tuning your skill set to stand out in the job market"
9364448774,Data Science and Machine Learning Using Python | 2nd Edition | Reema Thareja,by Reema Thareja | 1 November 2025,3.8 out of 5 stars,(4),https://www.amazon.in/Science-Machine-Learning-Python-Thareja/dp/9364448774/ref=sr_1_8?dib=eyJ2IjoiMSJ9.FrY15I3-sGdWOYj1_-4ongjsFIXjn1-TwOkEk2Ont2IlGQ_Jr02gJGyW9u0P4zQZEK8RJws-A3fjnweV1phpYexMgPhxCCpFDdjvB1Htx4T1dKxxshmW-8OnQ51vgdWUHrG6UTTUhJgaJcgehij2QSNHG_g0x64RKJCwJ5dkz8Hf7qzJSREp7-P8xafnv0qgKivqb96Ru4UL4W7EMGvYxIug3JDKhna37-sv1RmQZWY.j5DpIA1U7OJLA72GLISbig2wdem1QPEgbMmj23GDeds&dib_tag=se&keywords=data+science+book&qid=1776184900&sr=8-8,"Data Science and Machine Learning Using Python, introduces Python programming concepts tailored for data science and machine learning, empowering readers to solve real-world problems effectively. Written with the growing interest and applications of data science in mind, this book is ideal for undergraduate students and aspiring professionals. Featuring programming examples, and hands-on exercises, it bridges the foundational knowledge with advanced techniques, ensuring a practical and application based learning experience."
9369144013,GATE 2027 : Data Science & Artificial Intelligence- Complete Guide | 2600+ MCQs | Solved Papers 2024–2026,by G.K. Publications (P) Ltd. | 23 March 2026,5.0 out of 5 stars,(9),https://www.amazon.in/GATE-2027-Artificial-Intelligence-2024-2026/dp/9369144013/ref=sr_1_9?dib=eyJ2IjoiMSJ9.FrY15I3-sGdWOYj1_-4ongjsFIXjn1-TwOkEk2Ont2IlGQ_Jr02gJGyW9u0P4zQZEK8RJws-A3fjnweV1phpYexMgPhxCCpFDdjvB1Htx4T1dKxxshmW-8OnQ51vgdWUHrG6UTTUhJgaJcgehij2QSNHG_g0x64RKJCwJ5dkz8Hf7qzJSREp7-P8xafnv0qgKivqb96Ru4UL4W7EMGvYxIug3JDKhna37-sv1RmQZWY.j5DpIA1U7OJLA72GLISbig2wdem1QPEgbMmj23GDeds&dib_tag=se&keywords=data+science+book&qid=1776184900&sr=8-9,"Your GATE 2027 success starts here — with a prep system built to deliver results. This comprehensive guide gives you everything you need to crack GATE 2027 Data Science & Artificial Intelligence in one place. Master core concepts with structured theory, sharpen your problem-solving with 2600+ exam-pattern questions, and test yourself under real exam conditions with full-length mock tests.
WHAT'S INSIDE: -

2600+ Questions (MCQs, NTQs & MSQs) — Fully aligned to the latest GATE 2027 syllabus across all DS & AI topics
3 Full-Length Mock Tests — Simulated GATE exams with detailed solutions to build speed, accuracy & exam temperament
GATE Papers 2024–2026 (Fully Solved) — Study the most recent papers with step-by-step explanations; GATE 2017–2023 available online (access details inside)
Chapter-End Practice Exercises — Topic-specific questions after every chapter to reinforce concepts and close knowledge gaps –
Latest Syllabus Coverage — 100% aligned to official GATE 2027 CE syllabus including Engineering Mathematics & General Aptitude Stop preparing. Start winning. Whether you're targeting a top PSU, IIT M.Tech admission, or a high GATE score — this guide gives you the structure, practice, and confidence to get there."
B0FYD5BDRV,"Data Science Textbook for Class 12, Academic Educational Book with Digital Technology Theme CBSE (Academic Data Science Series)",by Tovira | 1 January 2023,,,https://www.amazon.in/Science-Textbook-Academic-Educational-Technology/dp/B0FYD5BDRV/ref=sr_1_10?dib=eyJ2IjoiMSJ9.FrY15I3-sGdWOYj1_-4ongjsFIXjn1-TwOkEk2Ont2IlGQ_Jr02gJGyW9u0P4zQZEK8RJws-A3fjnweV1phpYexMgPhxCCpFDdjvB1Htx4T1dKxxshmW-8OnQ51vgdWUHrG6UTTUhJgaJcgehij2QSNHG_g0x64RKJCwJ5dkz8Hf7qzJSREp7-P8xafnv0qgKivqb96Ru4UL4W7EMGvYxIug3JDKhna37-sv1RmQZWY.j5DpIA1U7OJLA72GLISbig2wdem1QPEgbMmj23GDeds&dib_tag=se&keywords=data+science+book&qid=1776184900&sr=8-10,"Dive into the fascinating world of Data Science with this comprehensive Grade XII textbook. Designed for senior secondary students, this academic resource bridges theoretical concepts with practical applications in the digital age. The curriculum covers essential topics in data analysis, statistical methods, and modern computational techniques. With clear explanations and visual aids, including detailed diagrams of data structures and algorithmic workflows, students will grasp complex concepts with ease. The book incorporates real-world examples and case studies to demonstrate the practical applications of data science in various industries. Perfect for both classroom learning and self-study, this textbook helps students develop critical analytical skills needed for higher education and future careers in technology. The content aligns with current educational standards and includes practice problems, chapter summaries, and review questions to reinforce learning. Whether you're interested in pursuing data analytics, machine learning, or general computer science, this textbook provides a solid foundation in the principles of data science."
193550469X,Data Scientist: The Definitive Guide to Becoming a Data Scientist,by Dr Zacharias Voulgaris Ph.D. | 1 May 2014,4.0 out of 5 stars,(37),https://www.amazon.in/sspa/click?ie=UTF8&spc=MTo2NDM2Njg4MDI3OTY0ODQyOjE3NzYxODQ5MDA6c3BfbXRmOjIwMDYzMzQ1NjI4MDk4OjowOjo&url=%2FData-Scientist-Definitive-Guide-Becoming%2Fdp%2F193550469X%2Fref%3Dsr_1_11_sspa%3Fdib%3DeyJ2IjoiMSJ9.FrY15I3-sGdWOYj1_-4ongjsFIXjn1-TwOkEk2Ont2IlGQ_Jr02gJGyW9u0P4zQZEK8RJws-A3fjnweV1phpYexMgPhxCCpFDdjvB1Htx4T1dKxxshmW-8OnQ51vgdWUHrG6UTTUhJgaJcgehij2QSNHG_g0x64RKJCwJ5dkz8Hf7qzJSREp7-P8xafnv0qgKivqb96Ru4UL4W7EMGvYxIug3JDKhna37-sv1RmQZWY.j5DpIA1U7OJLA72GLISbig2wdem1QPEgbMmj23GDeds%26dib_tag%3Dse%26keywords%3Ddata%2Bscience%2Bbook%26qid%3D1776184900%26sr%3D8-11-spons%26aref%3DJX7Ab5XnrX%26sp_csd%3Dd2lkZ2V0TmFtZT1zcF9tdGY%26psc%3D1&aref=JX7Ab5XnrX&sp_cr=ZAZ,"As our society transforms into a data-driven one, the role of the Data Scientist is becoming more and more important. If you want to be on the leading edge of what is sure to become a major profession in the not-too-distant future, this book can show you how. Each chapter is filled with practical information that will help you reap the fruits of big data and become a successful Data Scientist:  Learn what big data is and how it differs from traditional data through its main characteristics: volume, variety, velocity, and veracity.  Explore the different types of Data Scientists and the skillset each one has.  Dig into what the role of the Data Scientist requires in terms of the relevant mindset, technical skills, experience, and how the Data Scientist connects with other people.  Be a Data Scientist for a day, examining the problems you may encounter and how you tackle them, what programs you use, and how you expand your knowledge and know-how.  See how you can become a Data Scientist, based on where you are starting from: a programming, machine learning, or data-related background.  Follow step-by-step through the process of landing a Data Scientist job: where you need to look, how you would present yourself to a potential employer, and what it takes to follow a freelancer path. Read the case studies of experienced, senior-level Data Scientists, in an attempt to get a better perspective of what this role is, in practice. At the end of the book, there is a glossary of the most important terms that have been introduced, as well as three appendices  a list of useful sites, some relevant articles on the web, and a list of offline resources for further reading."
1365061469,The Art of Data Science,by Roger Peng and Elizabeth Matsui | 8 June 2016,4.6 out of 5 stars,(63),https://www.amazon.in/sspa/click?ie=UTF8&spc=MTo2NDM2Njg4MDI3OTY0ODQyOjE3NzYxODQ5MDA6c3BfbXRmOjIwMDYzMzM3MDk1NDk4OjowOjo&url=%2FArt-Data-Science-Roger-Peng%2Fdp%2F1365061469%2Fref%3Dsr_1_12_sspa%3Fdib%3DeyJ2IjoiMSJ9.FrY15I3-sGdWOYj1_-4ongjsFIXjn1-TwOkEk2Ont2IlGQ_Jr02gJGyW9u0P4zQZEK8RJws-A3fjnweV1phpYexMgPhxCCpFDdjvB1Htx4T1dKxxshmW-8OnQ51vgdWUHrG6UTTUhJgaJcgehij2QSNHG_g0x64RKJCwJ5dkz8Hf7qzJSREp7-P8xafnv0qgKivqb96Ru4UL4W7EMGvYxIug3JDKhna37-sv1RmQZWY.j5DpIA1U7OJLA72GLISbig2wdem1QPEgbMmj23GDeds%26dib_tag%3Dse%26keywords%3Ddata%2Bscience%2Bbook%26qid%3D1776184900%26sr%3D8-12-spons%26aref%3DX0BYEIYg7a%26sp_csd%3Dd2lkZ2V0TmFtZT1zcF9tdGY%26psc%3D1&aref=X0BYEIYg7a&sp_cr=ZAZ,"This book describes, simply and in general terms, the process of analyzing data. The authors have extensive experience both managing data analysts and conducting their own data analyses, and have carefully observed what produces coherent results and what fails to produce useful insights into data. This book is a distillation of their experience in a format that is applicable to both practitioners and managers in data science."
B0FYD43BVV,"Data Science Textbook for Grade 9, Educational Book with Digital Technology Theme, Academic Curriculum CBSE (Secondary School Data Science Series)",by Tovira | 1 January 2023,,,https://www.amazon.in/Textbook-Educational-Technology-Curriculum-Secondary/dp/B0FYD43BVV/ref=sr_1_13?dib=eyJ2IjoiMSJ9.FrY15I3-sGdWOYj1_-4ongjsFIXjn1-TwOkEk2Ont2IlGQ_Jr02gJGyW9u0P4zQZEK8RJws-A3fjnweV1phpYexMgPhxCCpFDdjvB1Htx4T1dKxxshmW-8OnQ51vgdWUHrG6UTTUhJgaJcgehij2QSNHG_g0x64RKJCwJ5dkz8Hf7qzJSREp7-P8xafnv0qgKivqb96Ru4UL4W7EMGvYxIug3JDKhna37-sv1RmQZWY.j5DpIA1U7OJLA72GLISbig2wdem1QPEgbMmj23GDeds&dib_tag=se&keywords=data+science+book&qid=1776184900&sr=8-13,"Dive into the fascinating world of Data Science with this comprehensive Grade IX textbook. Designed to introduce young minds to the fundamentals of data analysis and computational thinking, this educational resource bridges the gap between traditional mathematics and modern digital technology. The curriculum covers essential concepts through carefully structured chapters, featuring clear explanations, practical examples, and engaging exercises. Students will learn about data collection, analysis, visualization, and basic programming concepts, all presented in an age-appropriate manner. The textbook incorporates real-world applications and examples, helping students understand how data science shapes our digital world. With its visually appealing layout and systematic approach, this book serves as an excellent foundation for students beginning their journey into the rapidly evolving field of data science. Perfect for both classroom use and self-study, it ensures students develop the analytical skills needed in today's data-driven world."
0241258766,The Art of Statistics: Learning from Data,by DAVID SPIEGELHALTER | 27 February 2020,4.5 out of 5 stars,(4K),https://www.amazon.in/Statistics-Pelican-Books-David-Spiegelhalter/dp/0241258766/ref=sr_1_14?dib=eyJ2IjoiMSJ9.FrY15I3-sGdWOYj1_-4ongjsFIXjn1-TwOkEk2Ont2IlGQ_Jr02gJGyW9u0P4zQZEK8RJws-A3fjnweV1phpYexMgPhxCCpFDdjvB1Htx4T1dKxxshmW-8OnQ51vgdWUHrG6UTTUhJgaJcgehij2QSNHG_g0x64RKJCwJ5dkz8Hf7qzJSREp7-P8xafnv0qgKivqb96Ru4UL4W7EMGvYxIug3JDKhna37-sv1RmQZWY.j5DpIA1U7OJLA72GLISbig2wdem1QPEgbMmj23GDeds&dib_tag=se&keywords=data+science+book&qid=1776184900&sr=8-14,"'A statistical national treasure' Jeremy Vine, BBC Radio 2

'Required reading for all politicians, journalists, medics and anyone who tries to influence people (or is influenced) by statistics. A tour de force' Popular Science

Do busier hospitals have higher survival rates? How many trees are there on the planet? Why do old men have big ears? David Spiegelhalter reveals the answers to these and many other questions - questions that can only be addressed using statistical science.

Statistics has played a leading role in our scientific understanding of the world for centuries, yet we are all familiar with the way statistical claims can be sensationalised, particularly in the media. In the age of big data, as data science becomes established as a discipline, a basic grasp of statistical literacy is more important than ever.

In The Art of Statistics, David Spiegelhalter guides the reader through the essential principles we need in order to derive knowledge from data. Drawing on real world problems to introduce conceptual issues, he shows us how statistics can help us determine the luckiest passenger on the Titanic, whether serial killer Harold Shipman could have been caught earlier, and if screening for ovarian cancer is beneficial.

'Shines a light on how we can use the ever-growing deluge of data to improve our understanding of the world' Nature"
8194435005,"Practical Statistics for Data Scientists: 50+ Essential Concepts Using R and Python, Second Edition (Greyscale Indian Edition)","by Peter Bruce , Andrew Bruce, et al. | 15 June 2020",4.5 out of 5 stars,(1.2K),https://www.amazon.in/Practical-Statistics-Data-Scientists-Essential/dp/8194435005/ref=sr_1_15?dib=eyJ2IjoiMSJ9.FrY15I3-sGdWOYj1_-4ongjsFIXjn1-TwOkEk2Ont2IlGQ_Jr02gJGyW9u0P4zQZEK8RJws-A3fjnweV1phpYexMgPhxCCpFDdjvB1Htx4T1dKxxshmW-8OnQ51vgdWUHrG6UTTUhJgaJcgehij2QSNHG_g0x64RKJCwJ5dkz8Hf7qzJSREp7-P8xafnv0qgKivqb96Ru4UL4W7EMGvYxIug3JDKhna37-sv1RmQZWY.j5DpIA1U7OJLA72GLISbig2wdem1QPEgbMmj23GDeds&dib_tag=se&keywords=data+science+book&qid=1776184900&sr=8-15,"All Indian Reprints of O'Reilly are printed in Grayscale.

Statistical methods are a key part of data science, yet few data scientists have formal statistical training. Courses and books on basic statistics rarely cover the topic from a data science perspective. The second edition of this popular guide adds comprehensive examples in Python, provides practical guidance on applying statistical methods to data science, tells you how to avoid their misuse, and gives you advice on what’s important and what’s not.

Many data science resources incorporate statistical methods but lack a deeper statistical perspective. If you’re familiar with the R or Python programming languages and have some exposure to statistics, this quick reference bridges the gap in an accessible, readable format.

With this book, you’ll learn:

Why exploratory data analysis is a key preliminary step in data science
How random sampling can reduce bias and yield a higher-quality dataset, even with big data
How the principles of experimental design yield definitive answers to questions
How to use regression to estimate outcomes and detect anomalies
Key classification techniques for predicting which categories a record belongs to
Statistical machine learning methods that ""learn"" from data
Unsupervised learning methods for extracting meaning from unlabeled data"
9354640508,Introduction to Data Science:Practical Approach with R and Python,by B. Uma Maheswari and R. Sujatha | 1 October 2021,4.5 out of 5 stars,(114),https://www.amazon.in/Introduction-Data-Science-Practical-Approach/dp/9354640508/ref=sr_1_16?dib=eyJ2IjoiMSJ9.FrY15I3-sGdWOYj1_-4ongjsFIXjn1-TwOkEk2Ont2IlGQ_Jr02gJGyW9u0P4zQZEK8RJws-A3fjnweV1phpYexMgPhxCCpFDdjvB1Htx4T1dKxxshmW-8OnQ51vgdWUHrG6UTTUhJgaJcgehij2QSNHG_g0x64RKJCwJ5dkz8Hf7qzJSREp7-P8xafnv0qgKivqb96Ru4UL4W7EMGvYxIug3JDKhna37-sv1RmQZWY.j5DpIA1U7OJLA72GLISbig2wdem1QPEgbMmj23GDeds&dib_tag=se&keywords=data+science+book&qid=1776184900&sr=8-16,Introduction to Data Science: Practical Approach with R and Python covers all the fundamental concepts of Data Science in a concise manner. It gives a mix of insights and golden rules which would be needed in analyzing data. This book serves as a practical guide for Science/Engineering/MBA students – both at the undergraduate and postgraduate level interested in Data Science domain.
1636516025,"Machine Learning, Python & Data Analytics Essentials: Master AI, Data Science, and Analytics for Career Growth | Comprehensive Combo for Beginners & Professionals (Set of 3 Books)","by Dhairya Parikh , Shawn Peters , et al. | 21 July 2025",4.3 out of 5 stars,(15),https://www.amazon.in/Machine-Learning-Python-Analytics-Essentials/dp/1636516025/ref=sr_1_17?dib=eyJ2IjoiMSJ9.FrY15I3-sGdWOYj1_-4ongjsFIXjn1-TwOkEk2Ont2IlGQ_Jr02gJGyW9u0P4zQZEK8RJws-A3fjnweV1phpYexMgPhxCCpFDdjvB1Htx4T1dKxxshmW-8OnQ51vgdWUHrG6UTTUhJgaJcgehij2QSNHG_g0x64RKJCwJ5dkz8Hf7qzJSREp7-P8xafnv0qgKivqb96Ru4UL4W7EMGvYxIug3JDKhna37-sv1RmQZWY.j5DpIA1U7OJLA72GLISbig2wdem1QPEgbMmj23GDeds&dib_tag=se&keywords=data+science+book&qid=1776184900&sr=8-17,"Most data science journeys start with Python, move into data analytics, and lead to machine learning.
This combo brings all three together in one easy-to-follow package:

Python Essentials gives you coding confidence from scratch
Data Analytics Essentials teaches you how to find insights in data
Machine Learning Essentials shows you how to make predictions and automate decisions



What does each book offer?

Book 1: Machine Learning Essentials You Always Wanted to Know

Learn how data fuels modern machine learning systems, from training algorithms to making accurate predictions
Tackle complex topics like deep learning and neural networks—made easy with clear, beginner-friendly explanations
Discover how ML is applied in the real world, with examples from industries like healthcare, education, and more



Book 2: Python Essentials You Always Wanted to Know

Gain a solid foundation in Python, making it easier to progress to more advanced topics with simple and step-by-step explanations
Get a deep understanding of object-oriented programming principles, which are vital skills for writing clean, scalable, and reusable Python code
Stay ahead of the curve by diving into exciting fields like AI, Machine Learning, and IoT with Python



Book 3: Data Analytics Essentials You Always Wanted to Know

Get a clear understanding of key concepts, terminology, and the evolution of data analytics
Understand the transformative role of Big Data and how it reshapes industries globally
Explore how industry giants like Walmart and Netflix use data analytics to drive business decisions"
0143461729,Data Science: A Beginner's Guide,by C. Raju | 21 August 2023,4.2 out of 5 stars,(32),https://www.amazon.in/Data-Science-Beginners-Guid-Guide/dp/0143461729/ref=sr_1_18?dib=eyJ2IjoiMSJ9.FrY15I3-sGdWOYj1_-4ongjsFIXjn1-TwOkEk2Ont2IlGQ_Jr02gJGyW9u0P4zQZEK8RJws-A3fjnweV1phpYexMgPhxCCpFDdjvB1Htx4T1dKxxshmW-8OnQ51vgdWUHrG6UTTUhJgaJcgehij2QSNHG_g0x64RKJCwJ5dkz8Hf7qzJSREp7-P8xafnv0qgKivqb96Ru4UL4W7EMGvYxIug3JDKhna37-sv1RmQZWY.j5DpIA1U7OJLA72GLISbig2wdem1QPEgbMmj23GDeds&dib_tag=se&keywords=data+science+book&qid=1776184900&sr=8-18,"Data science is a perfect blend of 10 per cent maths, 20 per cent statistics, 30 per cent common sense and 40 per cent applied knowledge. While you can learn maths and statistics, you need to accumulate certain experience for common sense to kick in and apply what you have learnt.
This introductory book on data science builds upon an individual's innate knowledge and arms you with the tools to use this interdisciplinary academic field in everyday scenarios. With straightforward real-world examples and applications, it takes you on a path that may seem daunting but is made simple through Professor Raju's easy manner. It endows you with a holistic and flawless understanding of the fundamental principles required to build a solid foundation in data science."
9356817650,"GKP GATE 2026 Data Science & Artificial Intelligence Guide | Master General Aptitude, Engineering Mathematics, Technical & Core Concepts | 2600+ MCQs ... Paper 2024-2025 | With GATEflix Test Series",by G.K. Publications (P) Ltd. | 24 March 2025,4.2 out of 5 stars,(74),https://www.amazon.in/Artificial-Intelligence-Engineering-Mathematics-Technical/dp/9356817650/ref=sr_1_19?dib=eyJ2IjoiMSJ9.FrY15I3-sGdWOYj1_-4ongjsFIXjn1-TwOkEk2Ont2IlGQ_Jr02gJGyW9u0P4zQZEK8RJws-A3fjnweV1phpYexMgPhxCCpFDdjvB1Htx4T1dKxxshmW-8OnQ51vgdWUHrG6UTTUhJgaJcgehij2QSNHG_g0x64RKJCwJ5dkz8Hf7qzJSREp7-P8xafnv0qgKivqb96Ru4UL4W7EMGvYxIug3JDKhna37-sv1RmQZWY.j5DpIA1U7OJLA72GLISbig2wdem1QPEgbMmj23GDeds&dib_tag=se&keywords=data+science+book&qid=1776184900&sr=8-19,"The GATE is a gateway to top PG programs and prestigious PSU jobs. Want to stand out from the crowd? The GATE 2026 Study Guide is your ultimate prep companion!
What’s Inside?

All-in-One Coverage – Master General Aptitude, Engineering Mathematics, and Technical Section with ease.

Practice-Driven Learning – Exercises follow each topic, ensuring concept clarity and real exam readiness.

Real Exam Papers – Practice with solved papers from 2024 to 2025 and stay ahead of the curve.
Why Choose This Guide?
With its structured approach, in-depth explanations, and a wealth of practice material, this book ensures you’re not just prepared—you’re GATE-ready! Let’s make GATE 2026 your success story!"
9355517033,Learn Data Science from Scratch: Mastering ML and NLP with Python in a step-by-step approach,by Pratheerth Padman | 15 February 2024,4.7 out of 5 stars,(13),https://www.amazon.in/Learn-Science-Scratch-step-step/dp/9355517033/ref=sr_1_20?dib=eyJ2IjoiMSJ9.FrY15I3-sGdWOYj1_-4ongjsFIXjn1-TwOkEk2Ont2IlGQ_Jr02gJGyW9u0P4zQZEK8RJws-A3fjnweV1phpYexMgPhxCCpFDdjvB1Htx4T1dKxxshmW-8OnQ51vgdWUHrG6UTTUhJgaJcgehij2QSNHG_g0x64RKJCwJ5dkz8Hf7qzJSREp7-P8xafnv0qgKivqb96Ru4UL4W7EMGvYxIug3JDKhna37-sv1RmQZWY.j5DpIA1U7OJLA72GLISbig2wdem1QPEgbMmj23GDeds&dib_tag=se&keywords=data+science+book&qid=1776184900&sr=8-20,"Learn Data Science from Scratch equips you with the essential tools and techniques, from Python libraries to machine learning algorithms, to tackle real-world problems and make informed decisions. This book provides a thorough exploration of essential data science concepts, tools, and techniques. Starting with the fundamentals of data science, you will progress through data collection, web scraping, data exploration and visualization, and data cleaning and pre-processing. You will build the required foundation in statistics and probability before diving into machine learning algorithms, deep learning, natural language processing, recommender systems, and data storage systems. With hands-on examples and practical advice, each chapter offers valuable insights and key takeaways, empowering you to master the art of data-driven decision making."
9811619182,"Data Science and Sdgs: Challenges, Opportunities and Realities",by Bikas Kumar Sinha and Nurul Haque Mollah | 14 August 2021,,,https://www.amazon.in/sspa/click?ie=UTF8&spc=MTo2NDM2Njg4MDI3OTY0ODQyOjE3NzYxODQ5MDA6c3BfYnRmOjMwMDgyNTA4MjE5MjEzMjo6MDo6&url=%2FData-Science-SDGs-Challenges-Opportunities%2Fdp%2F9811619182%2Fref%3Dsr_1_21_sspa%3Fdib%3DeyJ2IjoiMSJ9.FrY15I3-sGdWOYj1_-4ongjsFIXjn1-TwOkEk2Ont2IlGQ_Jr02gJGyW9u0P4zQZEK8RJws-A3fjnweV1phpYexMgPhxCCpFDdjvB1Htx4T1dKxxshmW-8OnQ51vgdWUHrG6UTTUhJgaJcgehij2QSNHG_g0x64RKJCwJ5dkz8Hf7qzJSREp7-P8xafnv0qgKivqb96Ru4UL4W7EMGvYxIug3JDKhna37-sv1RmQZWY.j5DpIA1U7OJLA72GLISbig2wdem1QPEgbMmj23GDeds%26dib_tag%3Dse%26keywords%3Ddata%2Bscience%2Bbook%26qid%3D1776184900%26sr%3D8-21-spons%26aref%3DWLSs4g0HLT%26sp_csd%3Dd2lkZ2V0TmFtZT1zcF9idGY%26psc%3D1&aref=WLSs4g0HLT&sp_cr=ZAZ,"The book presents contributions on statistical models and methods applied, for both data science and SDGs, in one place. Measuring and controlling data of SDGs, data driven measurement of progress needs to be distributed to stakeholders. In this situation, the techniques used in data science, specially, in the big data analytics, play an important role rather than the traditional data gathering and manipulation techniques. This book fills this space through its twenty contributions. The contributions have been selected from those presented during the 7th International Conference on Data Science and Sustainable Development Goals organized by the Department of Statistics, University of Rajshahi, Bangladesh; and cover topics mainly on SDGs, bioinformatics, public health, medical informatics, environmental statistics, data science and machine learning.

The contents of the volume would be useful to policymakers, researchers, government entities, civil society, and nonprofit organizations for monitoring and accelerating the progress of SDGs."
9356685207,Data Science and Artificial Intelligence for Beginners,by Dr. D.Venu Gopal | 17 October 2022,4.2 out of 5 stars,(12),https://www.amazon.in/sspa/click?ie=UTF8&spc=MTo2NDM2Njg4MDI3OTY0ODQyOjE3NzYxODQ5MDA6c3BfYnRmOjIwMTAxNDc4NzYwMTk4OjowOjo&url=%2FData-Science-Artificial-Intelligence-Beginners%2Fdp%2F9356685207%2Fref%3Dsr_1_22_sspa%3Fdib%3DeyJ2IjoiMSJ9.FrY15I3-sGdWOYj1_-4ongjsFIXjn1-TwOkEk2Ont2IlGQ_Jr02gJGyW9u0P4zQZEK8RJws-A3fjnweV1phpYexMgPhxCCpFDdjvB1Htx4T1dKxxshmW-8OnQ51vgdWUHrG6UTTUhJgaJcgehij2QSNHG_g0x64RKJCwJ5dkz8Hf7qzJSREp7-P8xafnv0qgKivqb96Ru4UL4W7EMGvYxIug3JDKhna37-sv1RmQZWY.j5DpIA1U7OJLA72GLISbig2wdem1QPEgbMmj23GDeds%26dib_tag%3Dse%26keywords%3Ddata%2Bscience%2Bbook%26qid%3D1776184900%26sr%3D8-22-spons%26aref%3DINkDpVzlv0%26sp_csd%3Dd2lkZ2V0TmFtZT1zcF9idGY%26psc%3D1&aref=INkDpVzlv0&sp_cr=ZAZ,"About the Book: The book basically will focus on the importance of Data Science and Artificial Intelligence Learning in the real world and also focus on the various applications of the same. This will help the beginners to generate interest in learning and also helps in understanding where the concepts are to be used.

About the Author: The Authors are dedicated academicians with good experience in teaching to the engineering students as well as in research work."
